enroll_id,user_id,pack_id,agent_id,enroll_date
1,50011,607,1066,21/06/2019
2,50071,616,1022,30/05/2018
3,50019,614,1032,24/03/2017
4,50081,616,1037,10/12/2016
5,50070,610,1051,15/01/2019
6,50088,614,1038,21/06/2019
7,50029,617,1050,30/05/2018
8,50077,605,1012,24/03/2017
9,50014,615,1075,10/12/2016
10,50098,624,1020,15/01/2019
11,50055,603,1043,21/06/2019
12,50020,611,1021,30/05/2018
13,50098,603,1074,24/03/2017
14,50017,601,1006,10/12/2016
15,50034,607,1059,15/01/2019
16,50012,604,1045,21/06/2019
17,50047,620,1009,30/05/2018
18,50073,614,1033,24/03/2017
19,50073,604,1009,10/12/2016
20,50040,610,1065,15/01/2019
21,50027,601,1025,21/06/2019
22,50082,621,1014,30/05/2018
23,50036,611,1005,24/03/2017
24,50008,623,1022,10/12/2016
25,50079,616,1056,15/01/2019
26,50086,606,1060,21/06/2019
27,50073,612,1040,30/05/2018
28,50043,620,1007,24/03/2017
29,50006,620,1030,10/12/2016
30,50068,606,1010,15/01/2019
31,50014,618,1049,21/06/2019
32,50045,605,1011,30/05/2018
33,50039,616,1062,24/03/2017
34,50087,610,1001,10/12/2016
35,50055,617,1060,15/01/2019
36,50007,619,1059,21/06/2019
37,50062,613,1051,30/05/2018
38,50020,616,1049,24/03/2017
39,50067,601,1011,10/12/2016
40,50058,605,1055,15/01/2019
41,50099,618,1071,21/06/2019
42,50085,622,1036,30/05/2018
43,50062,608,1006,24/03/2017
44,50057,601,1050,10/12/2016
45,50099,618,1018,15/01/2019
46,50007,607,1059,21/06/2019
47,50060,602,1049,30/05/2018
48,50032,607,1038,24/03/2017
49,50057,614,1065,10/12/2016
50,50032,604,1013,15/01/2019
